record_id,plot_id,species_code,diameter_mm_raw,tree_height_dm_raw,study_height_dm_raw,tree_age_raw,study_age_raw,age_source_code,age_reading_height_cm,survey_date_raw,study_selection_method,canopy_code_raw,ecological_region_code_raw,source_file_sha256
1700602203031,1700602203,BOP,188,153,153,54,54,6,100,2017-08-26T00:00:00.000Z,L,C,5b,a59c96d55cfea48233f6699369f9235f6fe809cc80eb75170201db7345a290da
1700610002010,1700610002,BOP,277,159,159,,,9,100,2017-07-18T00:00:00.000Z,L,C,4b,a59c96d55cfea48233f6699369f9235f6fe809cc80eb75170201db7345a290da
1700911301013,1700911301,BOP,178,175,175,88,88,4,100,2017-09-12T00:00:00.000Z,L,C,4b,a59c96d55cfea48233f6699369f9235f6fe809cc80eb75170201db7345a290da
1700914204007,1700914204,BOP,309,220,220,83,83,6,100,2017-08-25T00:00:00.000Z,L,C,4b,a59c96d55cfea48233f6699369f9235f6fe809cc80eb75170201db7345a290da
1701008504007,1701008504,BOP,198,135,135,67,67,4,100,2017-07-26T00:00:00.000Z,L,I,5e,a59c96d55cfea48233f6699369f9235f6fe809cc80eb75170201db7345a290da
1701114302023,1701114302,BOP,150,132,132,58,58,4,100,2017-08-01T00:00:00.000Z,L,C,5e,a59c96d55cfea48233f6699369f9235f6fe809cc80eb75170201db7345a290da
1701207103047,1701207103,BOP,102,102,102,32,32,4,100,2017-07-02T00:00:00.000Z,L,I,4d,a59c96d55cfea48233f6699369f9235f6fe809cc80eb75170201db7345a290da
1701208702029,1701208702,BOP,178,122,122,58,58,6,100,2017-10-05T00:00:00.000Z,L,C,5e,a59c96d55cfea48233f6699369f9235f6fe809cc80eb75170201db7345a290da
1706604704058,1706604704,BOP,139,144,144,39,39,4,100,2017-09-16T00:00:00.000Z,L,C,3b,a59c96d55cfea48233f6699369f9235f6fe809cc80eb75170201db7345a290da
1900100804019,1900100804,BOP,168,151,151,32,32,4,100,2019-06-30T00:00:00.000Z,L,C,4f,a59c96d55cfea48233f6699369f9235f6fe809cc80eb75170201db7345a290da
1900500404017,1900500404,BOP,94,116,116,53,53,4,100,2019-10-05T00:00:00.000Z,L,I,4h,a59c96d55cfea48233f6699369f9235f6fe809cc80eb75170201db7345a290da
1900511504030,1900511504,BOP,115,100,100,49,49,4,100,2019-08-21T00:00:00.000Z,L,C,4g,a59c96d55cfea48233f6699369f9235f6fe809cc80eb75170201db7345a290da
1900708102034,1900708102,BOP,91,95,95,25,25,4,100,2019-06-28T00:00:00.000Z,L,C,4f,a59c96d55cfea48233f6699369f9235f6fe809cc80eb75170201db7345a290da
1900709502004,1900709502,BOP,217,167,167,67,67,4,100,2019-11-30T00:00:00.000Z,L,C,4f,a59c96d55cfea48233f6699369f9235f6fe809cc80eb75170201db7345a290da
1900715304008,1900715304,BOP,193,169,169,52,52,4,100,2019-06-26T00:00:00.000Z,L,C,4f,a59c96d55cfea48233f6699369f9235f6fe809cc80eb75170201db7345a290da
1900721101008,1900721101,BOP,253,204,204,65,65,4,100,2019-08-05T00:00:00.000Z,L,C,4f,a59c96d55cfea48233f6699369f9235f6fe809cc80eb75170201db7345a290da
1902000604040,1902000604,BOP,115,89,89,62,62,6,100,2019-08-23T00:00:00.000Z,L,C,5i,a59c96d55cfea48233f6699369f9235f6fe809cc80eb75170201db7345a290da
2000501602024,2000501602,BOP,307,210,210,71,71,6,100,2020-07-12T00:00:00.000Z,L,C,3a,a59c96d55cfea48233f6699369f9235f6fe809cc80eb75170201db7345a290da
2000505503027,2000505503,BOP,94,142,142,34,34,4,100,2020-07-03T00:00:00.000Z,L,C,3a,a59c96d55cfea48233f6699369f9235f6fe809cc80eb75170201db7345a290da
2000604301048,2000604301,BOP,112,171,171,34,34,4,100,2020-06-18T00:00:00.000Z,L,C,4b,a59c96d55cfea48233f6699369f9235f6fe809cc80eb75170201db7345a290da
2001009702026,2001009702,BOP,225,209,209,79,79,4,100,2020-08-04T00:00:00.000Z,L,C,4b,a59c96d55cfea48233f6699369f9235f6fe809cc80eb75170201db7345a290da
2001401403018,2001401403,BOP,150,173,173,61,61,6,100,2020-09-17T00:00:00.000Z,L,C,5b,a59c96d55cfea48233f6699369f9235f6fe809cc80eb75170201db7345a290da
2001500704010,2001500704,BOP,136,101,101,63,63,4,100,2020-08-29T00:00:00.000Z,L,C,5b,a59c96d55cfea48233f6699369f9235f6fe809cc80eb75170201db7345a290da
2001601101024,2001601101,BOP,97,108,108,28,28,4,100,2020-10-18T00:00:00.000Z,L,C,5b,a59c96d55cfea48233f6699369f9235f6fe809cc80eb75170201db7345a290da
2001704603050,2001704603,BOP,111,114,114,103,103,4,100,2020-09-19T00:00:00.000Z,L,I,5b,a59c96d55cfea48233f6699369f9235f6fe809cc80eb75170201db7345a290da
2007602702024,2007602702,BOP,101,109,109,33,33,4,100,2021-06-09T00:00:00.000Z,L,C,3c,a59c96d55cfea48233f6699369f9235f6fe809cc80eb75170201db7345a290da
2007603601015,2007603601,BOP,259,209,209,100,100,4,100,2021-06-02T00:00:00.000Z,L,C,3c,a59c96d55cfea48233f6699369f9235f6fe809cc80eb75170201db7345a290da
2100604401007,2100604401,BOP,132,119,119,28,28,4,100,2021-08-03T00:00:00.000Z,L,C,5c,a59c96d55cfea48233f6699369f9235f6fe809cc80eb75170201db7345a290da
2100605003037,2100605003,BOP,145,120,120,54,54,4,100,2021-08-04T00:00:00.000Z,L,C,4c,a59c96d55cfea48233f6699369f9235f6fe809cc80eb75170201db7345a290da
2100606604010,2100606604,BOP,113,145,145,61,61,4,100,2021-07-17T00:00:00.000Z,L,C,5c,a59c96d55cfea48233f6699369f9235f6fe809cc80eb75170201db7345a290da
2100612502030,2100612502,BOP,118,132,132,20,20,4,100,2021-08-16T00:00:00.000Z,L,C,4c,a59c96d55cfea48233f6699369f9235f6fe809cc80eb75170201db7345a290da
2100808502015,2100808502,BOP,93,128,128,35,35,4,100,2021-07-27T00:00:00.000Z,L,I,4b,a59c96d55cfea48233f6699369f9235f6fe809cc80eb75170201db7345a290da
2100900403034,2100900403,BOP,112,118,118,66,66,4,100,2021-07-30T00:00:00.000Z,L,I,4c,a59c96d55cfea48233f6699369f9235f6fe809cc80eb75170201db7345a290da
2101303704043,2101303704,BOP,142,154,154,44,44,4,100,2021-09-11T00:00:00.000Z,L,C,3b,a59c96d55cfea48233f6699369f9235f6fe809cc80eb75170201db7345a290da
2101602602027,2101602602,BOP,166,181,181,51,51,4,100,2021-09-03T00:00:00.000Z,L,C,3b,a59c96d55cfea48233f6699369f9235f6fe809cc80eb75170201db7345a290da
2200207501010,2200207501,BOP,151,153,153,65,65,4,100,2022-10-04T00:00:00.000Z,L,C,5c,a59c96d55cfea48233f6699369f9235f6fe809cc80eb75170201db7345a290da
2300124902032,2300124902,BOP,243,194,194,101,101,6,100,2023-09-12T00:00:00.000Z,L,C,3c,a59c96d55cfea48233f6699369f9235f6fe809cc80eb75170201db7345a290da
2300246801014,2300246801,BOP,268,159,159,100,100,4,100,2023-07-19T00:00:00.000Z,L,C,4c,a59c96d55cfea48233f6699369f9235f6fe809cc80eb75170201db7345a290da
2300905402002,2300905402,BOP,120,130,130,38,38,4,100,2023-07-04T00:00:00.000Z,L,I,5f,a59c96d55cfea48233f6699369f9235f6fe809cc80eb75170201db7345a290da
2300929303026,2300929303,BOP,127,109,109,38,38,4,100,2023-10-26T00:00:00.000Z,L,I,5e,a59c96d55cfea48233f6699369f9235f6fe809cc80eb75170201db7345a290da
2301021402004,2301021402,BOP,136,86,86,64,64,6,100,2023-07-15T00:00:00.000Z,L,I,5e,a59c96d55cfea48233f6699369f9235f6fe809cc80eb75170201db7345a290da
2400419501005,2400419501,BOP,158,144,144,95,95,4,100,2024-08-21T00:00:00.000Z,L,I,6e,a59c96d55cfea48233f6699369f9235f6fe809cc80eb75170201db7345a290da
2400664904046,2400664904,BOP,116,109,109,34,34,4,100,2024-08-17T00:00:00.000Z,L,C,6h,a59c96d55cfea48233f6699369f9235f6fe809cc80eb75170201db7345a290da
2401227604020,2401227604,BOP,187,161,161,105,105,4,100,2024-05-23T00:00:00.000Z,L,C,5d,a59c96d55cfea48233f6699369f9235f6fe809cc80eb75170201db7345a290da
2500720504051,2500720504,BOP,114,166,166,41,41,4,100,2025-08-08T00:00:00.000Z,L,C,5a,a59c96d55cfea48233f6699369f9235f6fe809cc80eb75170201db7345a290da
2500722402057,2500722402,BOP,98,124,124,39,39,4,100,2025-08-07T00:00:00.000Z,L,I,6a,a59c96d55cfea48233f6699369f9235f6fe809cc80eb75170201db7345a290da
7209301601043,7209301601,BOP,109,133,133,26,26,4,100,2018-09-12T00:00:00.000Z,L,C,3a,a59c96d55cfea48233f6699369f9235f6fe809cc80eb75170201db7345a290da
7601203002088,7601203002,BOP,234,141,141,35,35,3,100,2017-08-05T00:00:00.000Z,R,C,5i,a59c96d55cfea48233f6699369f9235f6fe809cc80eb75170201db7345a290da
9204302201029,9204302201,BOP,115,128,128,34,34,4,100,2023-07-07T00:00:00.000Z,S,C,5d,a59c96d55cfea48233f6699369f9235f6fe809cc80eb75170201db7345a290da
9500700502004,9500700502,BOP,141,121,121,69,69,3,100,2017-07-16T00:00:00.000Z,S,D,4f,a59c96d55cfea48233f6699369f9235f6fe809cc80eb75170201db7345a290da
1700511801038,1700511801,EPN,185,201,201,112,112,4,100,2017-07-28T00:00:00.000Z,L,C,3a,a59c96d55cfea48233f6699369f9235f6fe809cc80eb75170201db7345a290da
1700904203012,1700904203,EPN,181,161,161,54,54,4,100,2017-09-13T00:00:00.000Z,L,C,4c,a59c96d55cfea48233f6699369f9235f6fe809cc80eb75170201db7345a290da
1701000801037,1701000801,EPN,142,112,112,35,35,4,100,2017-10-04T00:00:00.000Z,L,C,4d,a59c96d55cfea48233f6699369f9235f6fe809cc80eb75170201db7345a290da
1701009703015,1701009703,EPN,192,147,147,36,36,4,100,2017-06-20T00:00:00.000Z,L,C,5e,a59c96d55cfea48233f6699369f9235f6fe809cc80eb75170201db7345a290da
1701015002034,1701015002,EPN,165,121,121,48,48,4,100,2017-08-16T00:00:00.000Z,L,C,4d,a59c96d55cfea48233f6699369f9235f6fe809cc80eb75170201db7345a290da
1701402604048,1701402604,EPN,100,39,39,25,25,4,100,2017-08-10T00:00:00.000Z,L,O,5e,a59c96d55cfea48233f6699369f9235f6fe809cc80eb75170201db7345a290da
1900203603010,1900203603,EPN,139,118,118,29,29,4,100,2019-09-28T00:00:00.000Z,L,C,4f,a59c96d55cfea48233f6699369f9235f6fe809cc80eb75170201db7345a290da
1900609101023,1900609101,EPN,185,121,121,94,94,4,100,2019-08-10T00:00:00.000Z,L,D,4h,a59c96d55cfea48233f6699369f9235f6fe809cc80eb75170201db7345a290da
1900807303009,1900807303,EPN,104,90,90,22,22,4,100,2019-08-22T00:00:00.000Z,L,I,3d,a59c96d55cfea48233f6699369f9235f6fe809cc80eb75170201db7345a290da
1900808004014,1900808004,EPN,251,160,160,68,68,6,100,2019-08-14T00:00:00.000Z,L,C,3d,a59c96d55cfea48233f6699369f9235f6fe809cc80eb75170201db7345a290da
1901904104068,1901904104,EPN,118,76,76,68,68,4,100,2019-07-19T00:00:00.000Z,L,O,5i,a59c96d55cfea48233f6699369f9235f6fe809cc80eb75170201db7345a290da
2000301503036,2000301503,EPN,189,160,160,36,36,4,100,2020-06-28T00:00:00.000Z,L,C,3a,a59c96d55cfea48233f6699369f9235f6fe809cc80eb75170201db7345a290da
2000313103017,2000313103,EPN,120,104,104,40,40,4,100,2020-09-03T00:00:00.000Z,L,I,3a,a59c96d55cfea48233f6699369f9235f6fe809cc80eb75170201db7345a290da
2000406202038,2000406202,EPN,165,150,150,31,31,4,100,2020-09-07T00:00:00.000Z,L,C,3a,a59c96d55cfea48233f6699369f9235f6fe809cc80eb75170201db7345a290da
2001005203009,2001005203,EPN,96,114,114,35,35,4,100,2020-07-25T00:00:00.000Z,L,C,4b,a59c96d55cfea48233f6699369f9235f6fe809cc80eb75170201db7345a290da
2001106502039,2001106502,EPN,114,102,102,25,25,4,100,2020-08-25T00:00:00.000Z,L,I,4b,a59c96d55cfea48233f6699369f9235f6fe809cc80eb75170201db7345a290da
2001305104010,2001305104,EPN,135,131,131,56,56,4,100,2020-08-01T00:00:00.000Z,L,C,5b,a59c96d55cfea48233f6699369f9235f6fe809cc80eb75170201db7345a290da
2001400402045,2001400402,EPN,165,129,129,46,46,4,100,2020-09-10T00:00:00.000Z,L,C,5b,a59c96d55cfea48233f6699369f9235f6fe809cc80eb75170201db7345a290da
2001408103004,2001408103,EPN,92,78,78,17,17,4,100,2020-09-19T00:00:00.000Z,L,I,5b,a59c96d55cfea48233f6699369f9235f6fe809cc80eb75170201db7345a290da
2001600601017,2001600601,EPN,149,169,169,85,85,4,100,2020-09-07T00:00:00.000Z,L,C,6c,a59c96d55cfea48233f6699369f9235f6fe809cc80eb75170201db7345a290da
2001604102005,2001604102,EPN,96,97,97,25,25,4,100,2020-09-19T00:00:00.000Z,L,C,5b,a59c96d55cfea48233f6699369f9235f6fe809cc80eb75170201db7345a290da
2001700404009,2001700404,EPN,132,123,123,38,38,4,100,2020-09-08T00:00:00.000Z,L,C,5b,a59c96d55cfea48233f6699369f9235f6fe809cc80eb75170201db7345a290da
2100500404005,2100500404,EPN,194,185,185,138,138,6,100,2021-07-18T00:00:00.000Z,L,C,5a,a59c96d55cfea48233f6699369f9235f6fe809cc80eb75170201db7345a290da
2100509103007,2100509103,EPN,99,79,79,71,71,4,100,2021-09-03T00:00:00.000Z,L,I,5a,a59c96d55cfea48233f6699369f9235f6fe809cc80eb75170201db7345a290da
2100611903016,2100611903,EPN,136,118,118,45,45,4,100,2021-06-19T00:00:00.000Z,L,C,4c,a59c96d55cfea48233f6699369f9235f6fe809cc80eb75170201db7345a290da
2102702902064,2102702902,EPN,113,109,109,59,59,4,100,2021-09-14T00:00:00.000Z,L,C,5a,a59c96d55cfea48233f6699369f9235f6fe809cc80eb75170201db7345a290da
2200112003028,2200112003,EPN,196,162,162,121,121,4,100,2022-07-23T00:00:00.000Z,L,I,6e,a59c96d55cfea48233f6699369f9235f6fe809cc80eb75170201db7345a290da
2200130303007,2200130303,EPN,106,114,114,,,9,100,2022-07-25T00:00:00.000Z,L,I,5c,a59c96d55cfea48233f6699369f9235f6fe809cc80eb75170201db7345a290da
2200202004010,2200202004,EPN,155,146,146,153,153,6,100,2022-06-30T00:00:00.000Z,L,C,5c,a59c96d55cfea48233f6699369f9235f6fe809cc80eb75170201db7345a290da
2200360703023,2200360703,EPN,143,127,127,45,45,4,100,2022-10-02T00:00:00.000Z,L,C,4c,a59c96d55cfea48233f6699369f9235f6fe809cc80eb75170201db7345a290da
2200362202013,2200362202,EPN,92,76,76,24,24,4,100,2022-08-12T00:00:00.000Z,L,C,4c,a59c96d55cfea48233f6699369f9235f6fe809cc80eb75170201db7345a290da
2200453001034,2200453001,EPN,184,164,164,63,63,4,100,2022-08-12T00:00:00.000Z,L,C,4c,a59c96d55cfea48233f6699369f9235f6fe809cc80eb75170201db7345a290da
2300230104002,2300230104,EPN,92,80,80,26,26,4,100,2023-09-21T00:00:00.000Z,L,O,3c,a59c96d55cfea48233f6699369f9235f6fe809cc80eb75170201db7345a290da
2300830802009,2300830802,EPN,100,67,67,25,25,4,100,2023-08-28T00:00:00.000Z,L,I,5f,a59c96d55cfea48233f6699369f9235f6fe809cc80eb75170201db7345a290da
2300924103030,2300924103,EPN,103,88,88,99,99,4,100,2023-09-17T00:00:00.000Z,L,C,5e,a59c96d55cfea48233f6699369f9235f6fe809cc80eb75170201db7345a290da
2300929301069,2300929301,EPN,111,80,80,41,41,4,100,2023-10-04T00:00:00.000Z,L,C,5e,a59c96d55cfea48233f6699369f9235f6fe809cc80eb75170201db7345a290da
2301002003018,2301002003,EPN,207,152,152,100,100,4,100,2023-08-30T00:00:00.000Z,L,C,5e,a59c96d55cfea48233f6699369f9235f6fe809cc80eb75170201db7345a290da
2400400204023,2400400204,EPN,155,147,147,142,142,4,100,2024-05-31T00:00:00.000Z,PL,C,6g,a59c96d55cfea48233f6699369f9235f6fe809cc80eb75170201db7345a290da
2400411103013,2400411103,EPN,154,150,150,74,74,4,100,2024-06-22T00:00:00.000Z,L,C,6g,a59c96d55cfea48233f6699369f9235f6fe809cc80eb75170201db7345a290da
2400418803032,2400418803,EPN,102,84,84,52,52,4,100,2024-06-17T00:00:00.000Z,L,O,6e,a59c96d55cfea48233f6699369f9235f6fe809cc80eb75170201db7345a290da
2400517604035,2400517604,EPN,102,102,102,31,31,4,100,2024-06-06T00:00:00.000Z,L,C,6e,a59c96d55cfea48233f6699369f9235f6fe809cc80eb75170201db7345a290da
2400955003041,2400955003,EPN,94,79,79,60,60,4,100,2024-07-20T00:00:00.000Z,L,O,6h,a59c96d55cfea48233f6699369f9235f6fe809cc80eb75170201db7345a290da
2400959303018,2400959303,EPN,195,124,124,42,42,4,100,2024-07-20T00:00:00.000Z,PL,C,6h,a59c96d55cfea48233f6699369f9235f6fe809cc80eb75170201db7345a290da
2401118602039,2401118602,EPN,109,103,103,54,54,4,100,2024-07-05T00:00:00.000Z,L,I,5d,a59c96d55cfea48233f6699369f9235f6fe809cc80eb75170201db7345a290da
2500160704002,2500160704,EPN,133,101,101,22,22,6,100,2025-09-07T00:00:00.000Z,L,I,6a,a59c96d55cfea48233f6699369f9235f6fe809cc80eb75170201db7345a290da
2500169204002,2500169204,EPN,110,88,88,26,26,4,100,2025-06-05T00:00:00.000Z,L,C,6a,a59c96d55cfea48233f6699369f9235f6fe809cc80eb75170201db7345a290da
7200700802054,7200700802,EPN,210,166,166,69,69,4,100,2018-07-04T00:00:00.000Z,L,I,5a,a59c96d55cfea48233f6699369f9235f6fe809cc80eb75170201db7345a290da
7209500201069,7209500201,EPN,93,100,100,45,45,6,100,2015-08-14T00:00:00.000Z,L,O,3a,a59c96d55cfea48233f6699369f9235f6fe809cc80eb75170201db7345a290da
9500802601001,9500802601,EPN,140,115,115,68,68,3,100,2023-10-28T00:00:00.000Z,R,C,4e,a59c96d55cfea48233f6699369f9235f6fe809cc80eb75170201db7345a290da
9700901602037,9700901602,EPN,214,157,157,78,78,4,100,2020-05-31T00:00:00.000Z,S,C,3b,a59c96d55cfea48233f6699369f9235f6fe809cc80eb75170201db7345a290da
1700507902027,1700507902,ERR,167,163,163,,,,,2017-09-20T00:00:00.000Z,L,C,3a,a59c96d55cfea48233f6699369f9235f6fe809cc80eb75170201db7345a290da
1700609602009,1700609602,ERR,255,147,147,,,,,2017-07-17T00:00:00.000Z,PL,C,4b,a59c96d55cfea48233f6699369f9235f6fe809cc80eb75170201db7345a290da
1700705704039,1700705704,ERR,116,116,116,,,,,2017-12-31T00:00:00.000Z,L,I,4b,a59c96d55cfea48233f6699369f9235f6fe809cc80eb75170201db7345a290da
1700714202003,1700714202,ERR,336,171,171,,,,100,2017-09-22T00:00:00.000Z,L,D,4b,a59c96d55cfea48233f6699369f9235f6fe809cc80eb75170201db7345a290da
1700901603001,1700901603,ERR,268,159,159,,,,,2017-08-25T00:00:00.000Z,L,C,4b,a59c96d55cfea48233f6699369f9235f6fe809cc80eb75170201db7345a290da
1700909302041,1700909302,ERR,98,113,113,,,,,2017-08-28T00:00:00.000Z,L,C,4b,a59c96d55cfea48233f6699369f9235f6fe809cc80eb75170201db7345a290da
1700911202006,1700911202,ERR,96,135,135,,,,,2017-10-25T00:00:00.000Z,L,C,4b,a59c96d55cfea48233f6699369f9235f6fe809cc80eb75170201db7345a290da
1701011303012,1701011303,ERR,99,73,73,,,,,2017-07-02T00:00:00.000Z,L,C,4d,a59c96d55cfea48233f6699369f9235f6fe809cc80eb75170201db7345a290da
1701212903034,1701212903,ERR,112,122,122,,,,100,2017-10-09T00:00:00.000Z,L,C,4d,a59c96d55cfea48233f6699369f9235f6fe809cc80eb75170201db7345a290da
1801102702002,1801102702,ERR,92,82,82,,,,100,2018-09-08T00:00:00.000Z,L,I,3d,a59c96d55cfea48233f6699369f9235f6fe809cc80eb75170201db7345a290da
1900401402045,1900401402,ERR,203,134,134,,,,100,2019-07-16T00:00:00.000Z,L,C,4f,a59c96d55cfea48233f6699369f9235f6fe809cc80eb75170201db7345a290da
1900716302015,1900716302,ERR,115,101,101,,,,100,2019-07-10T00:00:00.000Z,L,C,4f,a59c96d55cfea48233f6699369f9235f6fe809cc80eb75170201db7345a290da
1901718302062,1901718302,ERR,129,140,140,,,,100,2019-11-06T00:00:00.000Z,L,C,4f,a59c96d55cfea48233f6699369f9235f6fe809cc80eb75170201db7345a290da
1902004003086,1902004003,ERR,98,118,118,,,,100,2019-09-18T00:00:00.000Z,L,I,5h,a59c96d55cfea48233f6699369f9235f6fe809cc80eb75170201db7345a290da
1902201303068,1902201303,ERR,143,160,160,,,,100,2019-09-01T00:00:00.000Z,L,C,4f,a59c96d55cfea48233f6699369f9235f6fe809cc80eb75170201db7345a290da
2000304901020,2000304901,ERR,259,199,199,,,,100,2020-08-23T00:00:00.000Z,L,C,3a,a59c96d55cfea48233f6699369f9235f6fe809cc80eb75170201db7345a290da
2000402704013,2000402704,ERR,124,151,151,,,,100,2020-06-15T00:00:00.000Z,L,I,3a,a59c96d55cfea48233f6699369f9235f6fe809cc80eb75170201db7345a290da
2000409103030,2000409103,ERR,99,94,94,,,,100,2020-07-12T00:00:00.000Z,L,C,3a,a59c96d55cfea48233f6699369f9235f6fe809cc80eb75170201db7345a290da
2000600901022,2000600901,ERR,108,123,123,,,,100,2020-06-29T00:00:00.000Z,L,O,4b,a59c96d55cfea48233f6699369f9235f6fe809cc80eb75170201db7345a290da
2000608704007,2000608704,ERR,121,144,144,,,,100,2020-08-11T00:00:00.000Z,L,I,4b,a59c96d55cfea48233f6699369f9235f6fe809cc80eb75170201db7345a290da
2000610002015,2000610002,ERR,104,130,130,,,,100,2020-08-15T00:00:00.000Z,L,I,4b,a59c96d55cfea48233f6699369f9235f6fe809cc80eb75170201db7345a290da
2001001804053,2001001804,ERR,398,205,205,,,,100,2020-07-07T00:00:00.000Z,L,C,4b,a59c96d55cfea48233f6699369f9235f6fe809cc80eb75170201db7345a290da
2001104904027,2001104904,ERR,121,137,137,,,,100,2020-08-31T00:00:00.000Z,L,C,4b,a59c96d55cfea48233f6699369f9235f6fe809cc80eb75170201db7345a290da
2001602704001,2001602704,ERR,92,115,115,,,,100,2020-09-28T00:00:00.000Z,L,I,5b,a59c96d55cfea48233f6699369f9235f6fe809cc80eb75170201db7345a290da
2002302704060,2002302704,ERR,103,123,123,,,,100,2020-06-09T00:00:00.000Z,L,C,4a,a59c96d55cfea48233f6699369f9235f6fe809cc80eb75170201db7345a290da
2007501403017,2007501403,ERR,355,201,201,,,,100,2021-06-09T00:00:00.000Z,L,D,3c,a59c96d55cfea48233f6699369f9235f6fe809cc80eb75170201db7345a290da
2100705401014,2100705401,ERR,120,119,119,,,,100,2021-07-19T00:00:00.000Z,L,C,5a,a59c96d55cfea48233f6699369f9235f6fe809cc80eb75170201db7345a290da
2101103602024,2101103602,ERR,111,108,108,,,,100,2021-06-17T00:00:00.000Z,L,C,3c,a59c96d55cfea48233f6699369f9235f6fe809cc80eb75170201db7345a290da
2101201001024,2101201001,ERR,131,131,131,,,,100,2021-08-18T00:00:00.000Z,L,C,3b,a59c96d55cfea48233f6699369f9235f6fe809cc80eb75170201db7345a290da
2101208104019,2101208104,ERR,289,201,201,,,,100,2021-06-14T00:00:00.000Z,L,C,3b,a59c96d55cfea48233f6699369f9235f6fe809cc80eb75170201db7345a290da
2101401902005,2101401902,ERR,230,184,184,,,,100,2021-07-26T00:00:00.000Z,L,C,3b,a59c96d55cfea48233f6699369f9235f6fe809cc80eb75170201db7345a290da
2107723002011,2107723002,ERR,298,178,178,,,,100,2022-07-31T00:00:00.000Z,L,C,2c,a59c96d55cfea48233f6699369f9235f6fe809cc80eb75170201db7345a290da
2200251603014,2200251603,ERR,154,143,143,,,,100,2022-08-09T00:00:00.000Z,L,I,4c,a59c96d55cfea48233f6699369f9235f6fe809cc80eb75170201db7345a290da
2200346502001,2200346502,ERR,98,109,109,,,,100,2022-08-17T00:00:00.000Z,L,C,4c,a59c96d55cfea48233f6699369f9235f6fe809cc80eb75170201db7345a290da
2200367501039,2200367501,ERR,246,155,155,,,,100,2022-08-15T00:00:00.000Z,L,C,4c,a59c96d55cfea48233f6699369f9235f6fe809cc80eb75170201db7345a290da
2200446604003,2200446604,ERR,112,121,121,,,,100,2022-08-18T00:00:00.000Z,L,C,4c,a59c96d55cfea48233f6699369f9235f6fe809cc80eb75170201db7345a290da
2201029701002,2201029701,ERR,415,269,269,,,,100,2022-08-03T00:00:00.000Z,L,C,3c,a59c96d55cfea48233f6699369f9235f6fe809cc80eb75170201db7345a290da
2201031701027,2201031701,ERR,101,168,168,,,,100,2022-08-02T00:00:00.000Z,L,C,1a,a59c96d55cfea48233f6699369f9235f6fe809cc80eb75170201db7345a290da
2201138102029,2201138102,ERR,190,192,192,,,,100,2022-08-31T00:00:00.000Z,L,C,2c,a59c96d55cfea48233f6699369f9235f6fe809cc80eb75170201db7345a290da
7000409701081,7000409701,ERR,165,155,155,,,,,2016-10-04T00:00:00.000Z,L,I,3d,a59c96d55cfea48233f6699369f9235f6fe809cc80eb75170201db7345a290da
7000410302023,7000410302,ERR,130,174,174,,,,,2016-10-03T00:00:00.000Z,S,I,3d,a59c96d55cfea48233f6699369f9235f6fe809cc80eb75170201db7345a290da
7000500201035,7000500201,ERR,283,217,217,,,,,2019-08-07T00:00:00.000Z,P,C,1a,a59c96d55cfea48233f6699369f9235f6fe809cc80eb75170201db7345a290da
7100803001031,7100803001,ERR,177,149,149,,,,,2015-08-02T00:00:00.000Z,S,C,2a,a59c96d55cfea48233f6699369f9235f6fe809cc80eb75170201db7345a290da
7109800902068,7109800902,ERR,118,154,154,,,,,2015-08-13T00:00:00.000Z,S,C,3a,a59c96d55cfea48233f6699369f9235f6fe809cc80eb75170201db7345a290da
7309802801001,7309802801,ERR,343,213,213,,,,,2021-08-31T00:00:00.000Z,S,C,4c,a59c96d55cfea48233f6699369f9235f6fe809cc80eb75170201db7345a290da
7601802602034,7601802602,ERR,125,136,136,,,,,2019-07-22T00:00:00.000Z,S,C,3c,a59c96d55cfea48233f6699369f9235f6fe809cc80eb75170201db7345a290da
7601806001018,7601806001,ERR,315,296,296,,,,,2019-06-30T00:00:00.000Z,S,C,3c,a59c96d55cfea48233f6699369f9235f6fe809cc80eb75170201db7345a290da
9509900601011,9509900601,ERR,338,273,273,,,,,2022-07-19T00:00:00.000Z,R,C,2b,a59c96d55cfea48233f6699369f9235f6fe809cc80eb75170201db7345a290da
9509901401002,9509901401,ERR,293,196,196,,,,,2022-06-26T00:00:00.000Z,R,C,2b,a59c96d55cfea48233f6699369f9235f6fe809cc80eb75170201db7345a290da
9700902502049,9700902502,ERR,132,156,156,,,,,2020-06-22T00:00:00.000Z,S,I,3b,a59c96d55cfea48233f6699369f9235f6fe809cc80eb75170201db7345a290da
1700500501030,1700500501,SAB,99,78,78,27,27,4,100,2017-09-21T00:00:00.000Z,L,I,3a,a59c96d55cfea48233f6699369f9235f6fe809cc80eb75170201db7345a290da
1700506904027,1700506904,SAB,157,150,150,36,36,4,100,2017-06-30T00:00:00.000Z,L,C,3a,a59c96d55cfea48233f6699369f9235f6fe809cc80eb75170201db7345a290da
1700708503040,1700708503,SAB,149,129,129,64,64,4,100,2017-07-17T00:00:00.000Z,L,I,4b,a59c96d55cfea48233f6699369f9235f6fe809cc80eb75170201db7345a290da
1701009604040,1701009604,SAB,101,81,81,19,19,4,100,2017-07-31T00:00:00.000Z,L,C,5e,a59c96d55cfea48233f6699369f9235f6fe809cc80eb75170201db7345a290da
1701013702019,1701013702,SAB,95,75,75,20,20,4,100,2017-07-16T00:00:00.000Z,L,O,5e,a59c96d55cfea48233f6699369f9235f6fe809cc80eb75170201db7345a290da
1701105602022,1701105602,SAB,121,103,103,18,18,4,100,2017-06-16T00:00:00.000Z,L,C,4c,a59c96d55cfea48233f6699369f9235f6fe809cc80eb75170201db7345a290da
1701108404006,1701108404,SAB,145,77,77,54,54,4,100,2017-08-27T00:00:00.000Z,L,C,5e,a59c96d55cfea48233f6699369f9235f6fe809cc80eb75170201db7345a290da
1701108503078,1701108503,SAB,160,134,134,68,68,4,100,2017-09-06T00:00:00.000Z,L,C,5e,a59c96d55cfea48233f6699369f9235f6fe809cc80eb75170201db7345a290da
1701202102033,1701202102,SAB,104,101,101,26,26,4,100,2017-07-14T00:00:00.000Z,L,C,5e,a59c96d55cfea48233f6699369f9235f6fe809cc80eb75170201db7345a290da
1701213103033,1701213103,SAB,229,180,180,58,58,4,100,2017-10-12T00:00:00.000Z,L,C,4d,a59c96d55cfea48233f6699369f9235f6fe809cc80eb75170201db7345a290da
1706701801014,1706701801,SAB,129,101,101,67,67,4,100,2017-07-04T00:00:00.000Z,L,O,3a,a59c96d55cfea48233f6699369f9235f6fe809cc80eb75170201db7345a290da
1900102501003,1900102501,SAB,104,103,103,31,31,4,100,2019-07-09T00:00:00.000Z,L,C,4f,a59c96d55cfea48233f6699369f9235f6fe809cc80eb75170201db7345a290da
1900503402004,1900503402,SAB,117,89,89,18,18,4,100,2019-08-07T00:00:00.000Z,L,C,4g,a59c96d55cfea48233f6699369f9235f6fe809cc80eb75170201db7345a290da
1900515801041,1900515801,SAB,121,163,163,49,49,4,100,2019-07-16T00:00:00.000Z,L,C,4g,a59c96d55cfea48233f6699369f9235f6fe809cc80eb75170201db7345a290da
1900519804023,1900519804,SAB,259,217,217,93,93,4,100,2019-06-26T00:00:00.000Z,L,C,4g,a59c96d55cfea48233f6699369f9235f6fe809cc80eb75170201db7345a290da
1900607803011,1900607803,SAB,123,109,109,35,35,4,100,2019-09-15T00:00:00.000Z,L,C,4h,a59c96d55cfea48233f6699369f9235f6fe809cc80eb75170201db7345a290da
1900706903022,1900706903,SAB,186,139,139,25,25,4,100,2019-07-09T00:00:00.000Z,L,C,4f,a59c96d55cfea48233f6699369f9235f6fe809cc80eb75170201db7345a290da
1901800804059,1901800804,SAB,161,127,127,27,27,4,100,2019-09-11T00:00:00.000Z,L,C,5i,a59c96d55cfea48233f6699369f9235f6fe809cc80eb75170201db7345a290da
1901803602034,1901803602,SAB,253,185,185,73,73,4,100,2019-08-26T00:00:00.000Z,L,C,5h,a59c96d55cfea48233f6699369f9235f6fe809cc80eb75170201db7345a290da
2000405701004,2000405701,SAB,123,100,100,33,33,4,100,2020-06-14T00:00:00.000Z,L,C,3a,a59c96d55cfea48233f6699369f9235f6fe809cc80eb75170201db7345a290da
2000410201051,2000410201,SAB,114,84,84,63,63,4,100,2020-09-04T00:00:00.000Z,L,I,3a,a59c96d55cfea48233f6699369f9235f6fe809cc80eb75170201db7345a290da
2000414703020,2000414703,SAB,153,169,169,61,61,4,100,2020-08-12T00:00:00.000Z,L,C,3a,a59c96d55cfea48233f6699369f9235f6fe809cc80eb75170201db7345a290da
2000605304029,2000605304,SAB,100,96,96,62,62,4,100,2020-08-05T00:00:00.000Z,L,I,4b,a59c96d55cfea48233f6699369f9235f6fe809cc80eb75170201db7345a290da
2000802603049,2000802603,SAB,92,128,128,35,35,4,100,2020-07-27T00:00:00.000Z,L,I,4a,a59c96d55cfea48233f6699369f9235f6fe809cc80eb75170201db7345a290da
2000802803015,2000802803,SAB,108,94,94,55,55,4,100,2020-08-25T00:00:00.000Z,L,I,4a,a59c96d55cfea48233f6699369f9235f6fe809cc80eb75170201db7345a290da
2001004804003,2001004804,SAB,114,113,113,27,27,4,100,2020-07-31T00:00:00.000Z,L,I,4b,a59c96d55cfea48233f6699369f9235f6fe809cc80eb75170201db7345a290da
2002300703023,2002300703,SAB,146,111,111,37,37,4,100,2020-06-23T00:00:00.000Z,L,I,4a,a59c96d55cfea48233f6699369f9235f6fe809cc80eb75170201db7345a290da
2100100102049,2100100102,SAB,119,124,124,37,37,4,100,2021-09-11T00:00:00.000Z,L,C,5a,a59c96d55cfea48233f6699369f9235f6fe809cc80eb75170201db7345a290da
2100513802034,2100513802,SAB,91,83,83,66,66,4,100,2021-06-07T00:00:00.000Z,L,I,5a,a59c96d55cfea48233f6699369f9235f6fe809cc80eb75170201db7345a290da
2100801703008,2100801703,SAB,204,126,126,34,34,4,100,2021-07-11T00:00:00.000Z,L,C,4c,a59c96d55cfea48233f6699369f9235f6fe809cc80eb75170201db7345a290da
2101004102053,2101004102,SAB,169,124,124,28,28,4,100,2021-06-25T00:00:00.000Z,L,C,3c,a59c96d55cfea48233f6699369f9235f6fe809cc80eb75170201db7345a290da
2101104701007,2101104701,SAB,161,127,127,87,87,4,100,2021-06-23T00:00:00.000Z,L,C,3c,a59c96d55cfea48233f6699369f9235f6fe809cc80eb75170201db7345a290da
2107703001016,2107703001,SAB,133,85,85,15,15,4,100,2022-06-07T00:00:00.000Z,L,C,3d,a59c96d55cfea48233f6699369f9235f6fe809cc80eb75170201db7345a290da
2200235904025,2200235904,SAB,111,110,110,49,49,4,100,2022-09-27T00:00:00.000Z,L,I,4c,a59c96d55cfea48233f6699369f9235f6fe809cc80eb75170201db7345a290da
2200337003042,2200337003,SAB,124,150,150,54,54,4,100,2022-09-04T00:00:00.000Z,L,C,4c,a59c96d55cfea48233f6699369f9235f6fe809cc80eb75170201db7345a290da
2200469201002,2200469201,SAB,162,123,123,45,45,6,100,2022-09-26T00:00:00.000Z,L,I,4c,a59c96d55cfea48233f6699369f9235f6fe809cc80eb75170201db7345a290da
2201213103002,2201213103,SAB,157,134,134,42,42,4,100,2022-08-18T00:00:00.000Z,L,I,3d,a59c96d55cfea48233f6699369f9235f6fe809cc80eb75170201db7345a290da
2300118302017,2300118302,SAB,105,136,136,65,65,4,100,2023-07-18T00:00:00.000Z,L,I,3c,a59c96d55cfea48233f6699369f9235f6fe809cc80eb75170201db7345a290da
2300227304015,2300227304,SAB,130,155,155,40,40,4,100,2023-08-26T00:00:00.000Z,L,C,3c,a59c96d55cfea48233f6699369f9235f6fe809cc80eb75170201db7345a290da
2300230102010,2300230102,SAB,117,135,135,35,35,4,100,2023-09-21T00:00:00.000Z,L,I,3c,a59c96d55cfea48233f6699369f9235f6fe809cc80eb75170201db7345a290da
2300919503104,2300919503,SAB,132,111,111,38,38,4,100,2023-06-20T00:00:00.000Z,L,C,5e,a59c96d55cfea48233f6699369f9235f6fe809cc80eb75170201db7345a290da
2301442902025,2301442902,SAB,114,83,83,35,35,4,100,2023-08-30T00:00:00.000Z,L,O,3c,a59c96d55cfea48233f6699369f9235f6fe809cc80eb75170201db7345a290da
2400322004012,2400322004,SAB,112,87,87,61,61,4,100,2024-05-26T00:00:00.000Z,L,O,5c,a59c96d55cfea48233f6699369f9235f6fe809cc80eb75170201db7345a290da
2400408804029,2400408804,SAB,118,74,74,50,50,6,100,2024-08-05T00:00:00.000Z,L,I,6s,a59c96d55cfea48233f6699369f9235f6fe809cc80eb75170201db7345a290da
2400930901026,2400930901,SAB,151,153,153,63,63,4,100,2024-10-03T00:00:00.000Z,L,C,5d,a59c96d55cfea48233f6699369f9235f6fe809cc80eb75170201db7345a290da
7209905002048,7209905002,SAB,231,148,148,51,51,4,100,2018-07-27T00:00:00.000Z,S,C,4b,a59c96d55cfea48233f6699369f9235f6fe809cc80eb75170201db7345a290da
7501703702045,7501703702,SAB,134,132,132,35,35,4,100,2018-10-15T00:00:00.000Z,S,C,4a,a59c96d55cfea48233f6699369f9235f6fe809cc80eb75170201db7345a290da
7509400301072,7509400301,SAB,98,65,65,32,32,4,100,2018-09-15T00:00:00.000Z,L,O,5b,a59c96d55cfea48233f6699369f9235f6fe809cc80eb75170201db7345a290da
7601804602084,7601804602,SAB,108,71,71,16,16,4,100,2019-08-02T00:00:00.000Z,L,O,3c,a59c96d55cfea48233f6699369f9235f6fe809cc80eb75170201db7345a290da
9203622602019,9203622602,SAB,120,96,96,27,27,4,100,2016-09-22T00:00:00.000Z,L,C,5e,a59c96d55cfea48233f6699369f9235f6fe809cc80eb75170201db7345a290da
